id|surface|kind|clients|engines|entry_exit|actions|focus|state_profile|requirement|plan|implementation|tests|evidence|status|gap
TR-SCR-001|Connection list|screen|both|all|launch;connect|search;connect;new;edit;duplicate;test;remove|list;search;actions|collection|docs/product/connections.md|plans/006-connection-experience-screens.md|core:crates/tablerock-core/src/lib.rs;tui:crates/tablerock-tui/src/view.rs;native:native/Sources/TableRockApp/TableRockApp.swift|tui:crates/tablerock-tui/tests/shell.rs;native:native/Tests/TableRockAppUITests/TableRockAppUITests.swift|docs/evidence/delivery/512-plan-021-native-connection-organization.md|partial|full-state-replay-open
TR-SCR-002|Connection groups|dialog|both|all|connection-list;close|create;rename;delete;collapse;reorder|name;confirm;cancel|transient|docs/product/connections.md|plans/006-connection-experience-screens.md|core:crates/tablerock-core/src/lib.rs;tui:crates/tablerock-tui/src/view.rs;native:native/Sources/TableRockApp/TableRockApp.swift|tui:crates/tablerock-tui/tests/shell.rs;native:native/Tests/TableRockAppUITests/TableRockAppUITests.swift|docs/evidence/delivery/514-plan-021-native-profile-groups.md|partial|visual-state-matrix-open
TR-SCR-003|Connection editor|sheet|both|all|new-or-edit;save-or-cancel|edit-fields;save;temporary-connect;test|form-order;save;cancel|editor|docs/product/connections.md|plans/006-connection-experience-screens.md|core:crates/tablerock-core/src/lib.rs;tui:crates/tablerock-tui/src/view.rs;native:native/Sources/TableRockApp/TableRockApp.swift|tui:crates/tablerock-tui/tests/shell.rs;native:native/Tests/TableRockAppUITests/TableRockAppUITests.swift|docs/evidence/delivery/513-plan-021-native-connection-editor.md|partial|all-secret-source-ui-replay-open
TR-SCR-004|Password prompt|sheet|both|all|test-connect-reconnect;submit-or-cancel|enter-secret;submit;cancel|secure-field;submit;cancel|transient|docs/product/connections.md|plans/006-connection-experience-screens.md|core:crates/tablerock-core/src/lib.rs;tui:crates/tablerock-tui/src/view.rs;native:native/Sources/TableRockApp/TableRockApp.swift|tui:crates/tablerock-tui/tests/shell.rs;native:native/Tests/TableRockAppUITests/TableRockAppUITests.swift|docs/evidence/delivery/549-native-keychain-resolution.md|partial|voiceover-and-cancel-replay-open
TR-SCR-005|Connection test outcome|panel|both|all|connection-editor;close-or-connect|retry;connect;close|result;retry|transient|docs/product/connections.md|plans/006-connection-experience-screens.md|core:crates/tablerock-core/src/lib.rs;tui:crates/tablerock-tui/src/view.rs;native:native/Sources/TableRockApp/TableRockApp.swift|tui:crates/tablerock-tui/tests/shell.rs;native:native/Tests/TableRockAppUITests/TableRockAppUITests.swift|docs/evidence/delivery/513-plan-021-native-connection-editor.md|partial|failure-matrix-replay-open
TR-SCR-006|Workbench window|window|both|all|connect;disconnect-or-close|new-tab;refresh;disconnect;reconnect|sidebar;tabs;toolbar;content|workspace|docs/product/workbench.md|plans/007-workbench-shell-and-session-lifecycle.md|core:crates/tablerock-core/src/lib.rs;tui:crates/tablerock-tui/src/view.rs;native:native/Sources/TableRockApp/TableRockApp.swift|tui:crates/tablerock-tui/tests/shell.rs;native:native/Tests/TableRockAppUITests/TableRockAppUITests.swift|docs/evidence/delivery/526-plan-021-native-multi-window.md|partial|narrow-and-recovery-replay-open
TR-SCR-007|Context toolbar|toolbar|both|all|workbench;workbench|switch-database;switch-schema;run;cancel;refresh|toolbar-clusters|workspace|docs/product/workbench.md|plans/007-workbench-shell-and-session-lifecycle.md|core:crates/tablerock-core/src/lib.rs;tui:crates/tablerock-tui/src/view.rs;native:native/Sources/TableRockApp/TableRockApp.swift|tui:crates/tablerock-tui/tests/shell.rs;native:native/Tests/TableRockAppUITests/TableRockAppUITests.swift|docs/evidence/delivery/527-native-environment-safety-surfaces.md|partial|command-completeness-replay-open
TR-SCR-008|Catalog browser|sidebar|both|all|workbench;open-object|filter;expand;refresh;load-more;open|filter;tree;actions|collection|docs/product/workbench.md|plans/003-catalog-listing-service.md|core:crates/tablerock-core/src/catalog.rs;tui:crates/tablerock-tui/src/model/catalog.rs;native:native/Sources/TableRockApp/TableRockApp.swift|tui:crates/tablerock-tui/tests/shell.rs;native:native/Tests/TableRockAppUITests/TableRockAppUITests.swift|docs/evidence/delivery/511-plan-020-typed-lazy-catalog-exit.md|partial|all-engine-state-replay-open
TR-SCR-009|Object tab strip|tab|both|all|catalog;close|preview;pin;select;rename;close|tab-strip;tab-actions|workspace|docs/product/workbench.md|plans/007-workbench-shell-and-session-lifecycle.md|core:crates/tablerock-core/src/lib.rs;tui:crates/tablerock-tui/src/model/workbench.rs;native:native/Sources/TableRockApp/TableRockApp.swift|tui:crates/tablerock-tui/tests/shell.rs;native:native/Tests/TableRockAppUITests/TableRockAppUITests.swift|docs/evidence/delivery/525-plan-021-native-object-tabs.md|partial|restoration-and-overflow-replay-open
TR-SCR-010|Query tab strip|tab|both|sql|workbench;close|new;select;rename;duplicate;close|tab-strip;tab-actions|workspace|docs/product/workbench.md|plans/011-sql-editor-workbench.md|core:crates/tablerock-core/src/lib.rs;tui:crates/tablerock-tui/src/model/query_editor.rs;native:native/Sources/TableRockApp/TableRockApp.swift|tui:crates/tablerock-tui/tests/shell.rs;native:native/Tests/TableRockAppUITests/TableRockAppUITests.swift|docs/evidence/delivery/524-plan-021-native-query-tabs.md|partial|multi-result-restoration-replay-open
TR-SCR-011|Workbench status bar|panel|both|all|workbench;workbench|inspect-status;copy-diagnostic|status;focused-hints|workspace|docs/product/workbench.md|plans/007-workbench-shell-and-session-lifecycle.md|core:crates/tablerock-core/src/lib.rs;tui:crates/tablerock-tui/src/view.rs;native:native/Sources/TableRockApp/TableRockApp.swift|tui:crates/tablerock-tui/tests/non_color_cues.rs;native:native/Tests/TableRockAppUITests/TableRockAppUITests.swift|docs/evidence/delivery/527-native-environment-safety-surfaces.md|partial|all-operation-state-replay-open
TR-SCR-012|Data grid|browser|both|all|object-or-result-tab;tab|select;scroll;page;refresh|rows;cells;headers|collection|docs/product/data-grid.md|plans/012-grid-controls-and-copy.md|core:crates/tablerock-core/src/lib.rs;tui:crates/tablerock-tui/src/model/grid.rs;native:native/Sources/TableRockApp/TableRockApp.swift|tui:crates/tablerock-tui/tests/shell.rs;native:native/Tests/TableRockAppUITests/TableRockAppUITests.swift|docs/evidence/delivery/583-native-result-paging-xcuitest.md|partial|typed-fixture-and-visual-matrix-open
TR-SCR-013|Server sort controls|toolbar|both|sql|object-tab;object-tab|add;toggle;remove;clear|sort-controls;headers|action|docs/product/data-grid.md|plans/012-grid-controls-and-copy.md|core:crates/tablerock-core/src/lib.rs;tui:crates/tablerock-tui/src/model/grid.rs;native:native/Sources/TableRockApp/TableRockApp.swift|tui:crates/tablerock-tui/tests/shell.rs;native:native/Tests/TableRockAppUITests/TableRockAppUITests.swift|docs/evidence/delivery/617-native-ordered-sort-headers.md|partial|header-click-and-visual-replay-open
TR-SCR-014|Filter bar|toolbar|both|sql|object-tab;object-tab|add;edit;remove;clear;raw-where;save-preset;load-preset|column;operator;value;actions|editor|docs/product/data-grid.md|plans/012-grid-controls-and-copy.md|core:crates/tablerock-core/src/lib.rs;tui:crates/tablerock-tui/src/model/saved_filter.rs;native:native/Sources/TableRockApp/TableRockApp.swift|tui:crates/tablerock-tui/tests/shell.rs;native:native/Tests/TableRockAppUITests/TableRockAppUITests.swift|docs/evidence/delivery/614-native-saved-filter-presets.md|partial|validation-and-permission-replay-open
TR-SCR-015|Column controls|popover|both|all|grid;grid|show;hide;reorder;resize;fit;reset|column-list;actions|transient|docs/product/data-grid.md|plans/012-grid-controls-and-copy.md|core:crates/tablerock-core/src/lib.rs;tui:crates/tablerock-tui/src/model/grid.rs;native:native/Sources/TableRockApp/TableRockApp.swift|tui:crates/tablerock-tui/tests/shell.rs;native:native/Tests/TableRockAppUITests/TableRockAppUITests.swift|docs/evidence/delivery/617-native-ordered-sort-headers.md|partial|native-column-menu-and-persistence-open
TR-SCR-016|Value inspector|inspector|both|all|grid-selection;close|view-text;view-json;view-hex;copy|sections;tree;close|collection|docs/product/data-grid.md|plans/009-postgresql-read-only-slice.md|core:crates/tablerock-core/src/lib.rs;tui:crates/tablerock-tui/src/model/inspector.rs;native:native/Sources/TableRockApp/TableRockApp.swift|tui:crates/tablerock-tui/tests/shell.rs;native:native/Tests/TableRockAppUITests/TableRockAppUITests.swift|docs/evidence/delivery/528-native-typed-value-inspector.md|partial|selection-hit-test-and-stale-replay-open
TR-SCR-017|Staged edit grid|editor|both|all|editable-grid;review-or-discard|edit;insert;duplicate;delete;undo;discard;review|cell-editor;staged-actions|editor|docs/product/editing.md|plans/013-postgresql-writes-and-admin.md|core:crates/tablerock-core/src/lib.rs;tui:crates/tablerock-tui/src/model/mutation_draft.rs;native:native/Sources/TableRockApp/TableRockApp.swift|tui:crates/tablerock-tui/tests/shell.rs;native:native/Tests/TableRockAppUITests/TableRockAppUITests.swift|docs/evidence/delivery/527-native-environment-safety-surfaces.md|partial|native-staged-editing-open
TR-SCR-018|Mutation review|sheet|both|all|staged-edits;apply-or-discard-or-cancel|inspect;apply;discard;cancel|operation-list;authority-actions|transient|docs/product/editing.md|plans/013-postgresql-writes-and-admin.md|core:crates/tablerock-core/src/lib.rs;tui:crates/tablerock-tui/src/model/mutation_plan_build.rs;native:native/Sources/TableRockApp/TableRockApp.swift|tui:crates/tablerock-tui/tests/shell.rs;native:native/Tests/TableRockAppUITests/TableRockAppUITests.swift|docs/evidence/delivery/532-native-reviewed-csv-import.md|partial|general-native-mutation-review-open
TR-SCR-019|Unsaved-change authority|dialog|both|all|close-or-switch-or-disconnect-or-quit;resume-or-close|apply;discard;cancel|authority-actions|transient|docs/product/editing.md|plans/013-postgresql-writes-and-admin.md|core:crates/tablerock-core/src/lib.rs;tui:crates/tablerock-tui/src/update.rs;native:native/Sources/TableRockApp/TableRockApp.swift|tui:crates/tablerock-tui/tests/shell.rs;native:native/Tests/TableRockAppUITests/TableRockAppUITests.swift|docs/evidence/delivery/584-native-dirty-tab-close-xcuitest.md|partial|all-exit-path-replay-open
TR-SCR-020|SQL editor|editor|both|sql|query-tab;query-tab|edit;select;search;format;run;cancel|text;find;run-controls|editor|docs/product/sql-editor.md|plans/011-sql-editor-workbench.md|core:crates/tablerock-core/src/lib.rs;tui:crates/tablerock-tui/src/model/query_editor.rs;native:native/Sources/TableRockApp/TableRockApp.swift|tui:crates/tablerock-tui/tests/shell.rs;native:native/Tests/TableRockAppUITests/TableRockAppUITests.swift|docs/evidence/delivery/572-native-ime-composition.md|partial|completion-diagnostics-and-find-replay-open
TR-SCR-021|Completion menu|popover|both|sql|editor-typing;commit-or-dismiss|navigate;commit;dismiss|candidate-list|transient|docs/product/sql-editor.md|plans/010-termrock-textarea-completionmenu.md|core:crates/tablerock-core/src/lib.rs;tui:crates/tablerock-tui/src/model/completion.rs;native:native/Sources/TableRockApp/TableRockApp.swift|tui:crates/tablerock-tui/tests/shell.rs;native:native/Tests/TableRockAppUITests/TableRockAppUITests.swift|docs/evidence/delivery/572-native-ime-composition.md|partial|native-completion-ui-open
TR-SCR-022|Statement results|panel|both|sql|run;query-tab|select-result;copy;export;inspect;page|result-tabs;grid|collection|docs/product/sql-editor.md|plans/016-daily-workflows-and-data-movement.md|core:crates/tablerock-core/src/lib.rs;tui:crates/tablerock-tui/src/model/result_sections.rs;native:native/Sources/TableRockApp/TableRockApp.swift|tui:crates/tablerock-tui/tests/shell.rs;native:native/Tests/TableRockAppUITests/TableRockAppUITests.swift|docs/evidence/delivery/530-native-atomic-loaded-export.md|partial|native-multi-statement-results-open
TR-SCR-023|Query history|sheet|both|sql|history-command;restore-or-close|search;retention;restore;refresh|search;entries;retention|collection|docs/product/sql-editor.md|plans/011-sql-editor-workbench.md|core:crates/tablerock-core/src/lib.rs;tui:crates/tablerock-tui/src/model/history.rs;native:native/Sources/TableRockApp/TableRockApp.swift|tui:crates/tablerock-tui/tests/shell.rs;native:native/Tests/TableRockAppUITests/TableRockAppUITests.swift|docs/evidence/delivery/520-plan-021-durable-history-retention.md|partial|private-and-failure-replay-open
TR-SCR-024|Saved queries|sheet|both|sql|saved-query-command;restore-or-close|search;save;restore;remove|search;entries;actions|collection|docs/product/sql-editor.md|plans/011-sql-editor-workbench.md|core:crates/tablerock-core/src/lib.rs;tui:crates/tablerock-tui/src/model/saved_query.rs;native:native/Sources/TableRockApp/TableRockApp.swift|tui:crates/tablerock-tui/tests/shell.rs;native:native/Tests/TableRockAppUITests/TableRockAppUITests.swift|docs/evidence/delivery/521-plan-021-native-saved-queries.md|partial|error-and-empty-replay-open
TR-SCR-025|SQL file flow|flow|both|sql|open-or-save-command;editor|open;save;save-as;reload;overwrite|file-panel;conflict-actions|action|docs/product/sql-editor.md|plans/011-sql-editor-workbench.md|core:crates/tablerock-files/src/lib.rs;tui:crates/tablerock-tui/src/effect.rs;native:native/Sources/TableRockApp/TableRockApp.swift|tui:crates/tablerock-tui/tests/shell.rs;native:native/Tests/TableRockAppUITests/TableRockAppUITests.swift|docs/evidence/delivery/522-plan-021-native-sql-files.md|partial|native-file-panel-ui-replay-open
TR-SCR-026|Copy menu|menu|both|all|grid;grid|choose-scope;choose-format;copy|menu-items|transient|docs/product/copy-export.md|plans/012-grid-controls-and-copy.md|core:crates/tablerock-core/src/lib.rs;tui:crates/tablerock-tui/src/model/copy_format.rs;native:native/Sources/TableRockApp/TableRockApp.swift|tui:crates/tablerock-tui/tests/shell.rs;native:native/Tests/TableRockAppUITests/TableRockAppUITests.swift|docs/evidence/delivery/529-shared-copy-native-pasteboard.md|partial|all-scope-ui-replay-open
TR-SCR-027|Result export|flow|both|all|grid;grid|choose-format;choose-file;start;cancel|format;file-panel;progress|action|docs/product/copy-export.md|plans/016-daily-workflows-and-data-movement.md|core:crates/tablerock-core/src/lib.rs;tui:crates/tablerock-tui/src/effect.rs;native:native/Sources/TableRockApp/TableRockApp.swift|tui:crates/tablerock-cli/tests/stream_export_real.rs;native:native/Tests/TableRockAppUITests/TableRockAppUITests.swift|docs/evidence/delivery/530-native-atomic-loaded-export.md|partial|full-stream-native-export-open
TR-SCR-028|CSV import mapping|sheet|both|postgresql|object-tab;apply-or-discard-or-close|choose-file;map;stage;apply;discard|mapping;preview;authority-actions|transient|docs/product/copy-export.md|plans/016-daily-workflows-and-data-movement.md|core:crates/tablerock-core/src/lib.rs;tui:crates/tablerock-tui/src/effect.rs;native:native/Sources/TableRockApp/TableRockApp.swift|tui:crates/tablerock-cli/tests/import_apply_real.rs;native:native/Tests/TableRockAppUITests/TableRockAppUITests.swift|docs/evidence/delivery/532-native-reviewed-csv-import.md|partial|json-and-cross-engine-import-open
TR-SCR-029|Redis namespace browser|browser|both|redis|catalog;key-tab|filter;expand;load-more;open-key|filter;tree;cursor-actions|collection|docs/product/redis.md|plans/015-redis-slice.md|core:crates/tablerock-core/src/catalog.rs;tui:crates/tablerock-tui/src/model/redis_namespace.rs;native:native/Sources/TableRockApp/TableRockApp.swift|tui:crates/tablerock-tui/tests/shell.rs;native:native/Tests/TableRockAppUITests/TableRockAppUITests.swift|docs/evidence/delivery/535-native-redis-key-catalog.md|partial|binary-key-and-cursor-replay-open
TR-SCR-030|Redis key view|tab|both|redis|catalog;close|inspect;page;stage;refresh|metadata;value;actions|collection|docs/product/redis.md|plans/015-redis-slice.md|core:crates/tablerock-core/src/lib.rs;tui:crates/tablerock-tui/src/model/redis_key_view.rs;native:native/Sources/TableRockApp/TableRockApp.swift|tui:crates/tablerock-tui/tests/shell.rs;native:native/Tests/TableRockAppUITests/TableRockAppUITests.swift|docs/evidence/delivery/536-native-redis-key-object-views.md|partial|native-redis-editing-open
TR-SCR-031|Redis command editor|editor|both|redis|new-command-tab;close|edit;complete;run;cancel|text;completion;run-controls|editor|docs/product/redis.md|plans/015-redis-slice.md|core:crates/tablerock-core/src/lib.rs;tui:crates/tablerock-tui/src/model/redis_command.rs;native:native/Sources/TableRockApp/TableRockApp.swift|tui:crates/tablerock-tui/tests/shell.rs;native:native/Tests/TableRockAppUITests/TableRockAppUITests.swift|docs/evidence/delivery/537-native-redis-sampled-overview.md|partial|native-command-editor-open
TR-SCR-032|Redis overview|sheet|both|redis|overview-command;close|refresh;close|facts;refresh;close|collection|docs/product/redis.md|plans/015-redis-slice.md|core:crates/tablerock-core/src/lib.rs;tui:crates/tablerock-tui/src/view.rs;native:native/Sources/TableRockApp/TableRockApp.swift|tui:crates/tablerock-tui/tests/shell.rs;native:native/Tests/TableRockAppUITests/TableRockAppUITests.swift|docs/evidence/delivery/537-native-redis-sampled-overview.md|partial|unavailable-fact-replay-open
TR-SCR-033|ClickHouse structure|panel|both|clickhouse|object-tab;object-tab|inspect-columns;inspect-engine;copy-ddl|sections;ddl|collection|docs/product/clickhouse.md|plans/014-clickhouse-slice.md|core:crates/tablerock-core/src/lib.rs;tui:crates/tablerock-tui/src/model/structure_ddl.rs;native:native/Sources/TableRockApp/TableRockApp.swift|tui:crates/tablerock-tui/tests/shell.rs;native:native/Tests/TableRockAppUITests/TableRockAppUITests.swift|docs/evidence/delivery/534-native-clickhouse-structure-facts.md|partial|all-engine-fact-replay-open
TR-SCR-034|ClickHouse mutation progress|panel|both|clickhouse|review-apply;terminal|refresh;kill;inspect|progress;actions|action|docs/product/clickhouse.md|plans/014-clickhouse-slice.md|core:crates/tablerock-core/src/lib.rs;tui:crates/tablerock-tui/src/view.rs;native:native/Sources/TableRockApp/TableRockApp.swift|tui:crates/tablerock-tui/tests/shell.rs;native:native/Tests/TableRockAppUITests/TableRockAppUITests.swift|docs/evidence/delivery/534-native-clickhouse-structure-facts.md|partial|native-mutation-progress-open
TR-SCR-035|Application commands|menu|native|all|menu-bar;focused-surface|new-window;run;cancel;refresh;history;saved;settings|menu-shortcuts|action|docs/product/native-macos.md|plans/021-native-parity-and-closure.md|core:crates/tablerock-core/src/lib.rs;tui:n/a;native:native/Sources/TableRockApp/TableRockApp.swift|tui:n/a;native:native/Tests/TableRockAppUITests/TableRockAppUITests.swift|docs/evidence/delivery/564-native-xcode-checkpoint.md|partial|full-command-routing-replay-open
TR-SCR-036|Settings|window|native|all|settings-command;close|inspect;export-support|form;support-actions|collection|docs/product/native-macos.md|plans/021-native-parity-and-closure.md|core:crates/tablerock-core/src/support.rs;tui:n/a;native:native/Sources/TableRockApp/TableRockApp.swift|tui:n/a;native:native/Tests/TableRockAppUITests/TableRockAppUITests.swift|docs/evidence/delivery/621-native-safe-support-export.md|partial|appearance-and-error-replay-open
TR-SCR-037|Multi-window restoration|flow|native|all|new-window-or-launch;close-or-quit|new-window;tab-window;restore;discard-corrupt|window;tabs|workspace|docs/product/native-macos.md|plans/021-native-parity-and-closure.md|core:crates/tablerock-core/src/lib.rs;tui:n/a;native:native/Sources/TableRockApp/TableRockApp.swift|tui:n/a;native:native/Tests/TableRockAppUITests/TableRockAppUITests.swift|docs/evidence/delivery/526-plan-021-native-multi-window.md|partial|real-relaunch-and-corruption-replay-open
TR-SCR-038|Native appearance matrix|flow|native|all|launch;close|switch-appearance;increase-contrast;reduce-transparency;reduce-motion|all-surfaces|workspace|docs/product/native-macos.md|plans/021-native-parity-and-closure.md|core:n/a;tui:n/a;native:native/Sources/TableRockApp/TableRockApp.swift|tui:n/a;native:native/Tests/TableRockAppUITests/TableRockAppUITests.swift|docs/evidence/delivery/508-plan-020-liquid-glass-audit.md|partial|full-canonical-screen-capture-open
TR-SCR-039|Connection URL import|dialog|both|all|connection-list;review-or-cancel|paste;parse;review;choose-secret-destination;connect;cancel|url;review;authority-actions|editor|docs/product/connections.md|plans/018-tui-hardening-release-gate.md|core:crates/tablerock-core/src/connection_url.rs;tui:crates/tablerock-tui/src/update.rs;native:native/Sources/TableRockApp/TableRockApp.swift|tui:crates/tablerock-tui/tests/shell.rs;native:native/Tests/TableRockAppUITests/TableRockAppUITests.swift|docs/evidence/delivery/630-native-connection-url-import.md|partial|native-validation-cancel-engine-matrix-replay-open
TR-SCR-040|External URL open confirmation|dialog|both|all|external-url-event;connect-or-cancel|inspect-target;choose-saved-or-temporary;confirm;cancel|target;authority-actions|transient|docs/product/connections.md|plans/018-tui-hardening-release-gate.md|core:crates/tablerock-core/src/connection_url.rs;tui:crates/tablerock-tui/src/update.rs;native:native/Sources/TableRockApp/TableRockApp.swift|tui:crates/tablerock-tui/tests/shell.rs;native:native/Tests/TableRockAppUITests/TableRockAppUITests.swift|docs/evidence/delivery/631-native-external-url-authority.md|partial|real-launchservices-hostile-envelope-and-saved-match-replay-open
TR-SCR-041|Quick switcher|popover|both|all|workbench-command;select-or-dismiss|search;move;select;dismiss|search;result-list|transient|docs/product/workbench.md|plans/018-tui-hardening-release-gate.md|core:crates/tablerock-core/src/lib.rs;tui:crates/tablerock-tui/src/update.rs;native:native/Sources/TableRockApp/TableRockApp.swift|tui:crates/tablerock-tui/tests/shell.rs;native:native/Tests/TableRockAppUITests/TableRockAppUITests.swift|docs/evidence/delivery/632-native-quick-switcher.md|partial|keyboard-arrow-escape-catalog-profile-live-replay-open
TR-SCR-042|Explain plan viewer|panel|both|sql|sql-editor;editor-or-close|run-explain;select-node;inspect-raw;copy;close|plan-tree;details|collection|docs/product/sql-editor.md|plans/018-tui-hardening-release-gate.md|core:crates/tablerock-core/src/lib.rs;tui:crates/tablerock-tui/src/update.rs;native:native/Sources/TableRockApp/TableRockApp.swift|tui:crates/tablerock-tui/tests/shell.rs;native:native/Tests/TableRockAppUITests/TableRockAppUITests.swift|docs/evidence/delivery/633-native-explain-intent-viewer.md|partial|structured-node-selection-live-engine-and-error-replay-open
TR-SCR-043|PostgreSQL activity|panel|both|postgresql|workbench-command;close|refresh;cancel-query;terminate-session;confirm;close|activity-list;details;authority-actions|collection|docs/architecture/functional-parity-ledger.md|plans/013-postgresql-writes-and-admin.md|core:crates/tablerock-engine/src/adapter.rs;tui:crates/tablerock-tui/src/update.rs;native:native/Sources/TableRockApp/TableRockApp.swift|tui:crates/tablerock-tui/tests/shell.rs;native:native/Tests/TableRockAppUITests/TableRockAppUITests.swift|docs/evidence/delivery/635-native-postgresql-activity.md|partial|native-permission-denied-and-live-acknowledged-signal-replay-open
TR-SCR-044|PostgreSQL backup and restore|flow|both|postgresql|workbench-command;complete-or-cancel|choose-tool;choose-file;configure;review;start;cancel|form;file-panel;progress;authority-actions|action|docs/architecture/functional-parity-ledger.md|plans/017-scoped-parity-expansion.md|core:crates/tablerock-tools/src/postgres.rs;tui:crates/tablerock-tui/src/update.rs;native:native/Sources/TableRockApp/TableRockApp.swift|tui:crates/tablerock-cli/tests/pg_dump_real.rs;native:native/Tests/TableRockAppUITests/TableRockAppUITests.swift|docs/evidence/delivery/636-native-postgresql-backup-restore.md|partial|hosted-live-dump-restore-and-cancel-replay-open
TR-SCR-045|Relationship browser|browser|both|postgresql|object-structure;object-tab-or-close|inspect-relationships;follow;open-related;close|relationship-list;actions|collection|docs/architecture/functional-parity-ledger.md|plans/017-scoped-parity-expansion.md|core:crates/tablerock-core/src/lib.rs;tui:crates/tablerock-tui/src/update.rs;native:n/a|tui:crates/tablerock-tui/tests/shell.rs;native:n/a|docs/evidence/delivery/247-plan-017-exit.md|missing|native-relationship-browser-and-large-cycle-replay-open
TR-SCR-046|PostgreSQL roles and privileges|browser|both|postgresql|workbench-command;close|search;inspect-membership;inspect-effective-privileges;review-change;close|role-list;details;authority-actions|collection|docs/architecture/functional-parity-ledger.md|plans/017-scoped-parity-expansion.md|core:crates/tablerock-core/src/lib.rs;tui:crates/tablerock-tui/src/update.rs;native:n/a|tui:crates/tablerock-tui/tests/shell.rs;native:n/a|docs/evidence/delivery/281-plan-017-role-tui-inspector.md|missing|native-role-privilege-inspection-and-reviewed-mutation-open
TR-SCR-047|Redis Pub/Sub console|panel|both|redis|workbench-command;stop-or-close|subscribe;pattern-subscribe;inspect-gap;cancel;close|channel;message-stream;actions|collection|docs/product/redis.md|plans/015-redis-slice.md|core:crates/tablerock-core/src/lib.rs;tui:crates/tablerock-tui/src/update.rs;native:n/a|tui:crates/tablerock-tui/tests/shell.rs;native:n/a|docs/evidence/delivery/335-plan-015-redis-pubsub-listen-until-cancel.md|missing|native-pubsub-presentation-accessibility-and-reconnect-replay-open
TR-SCR-048|Structure change review|sheet|both|sql|structure-panel;apply-or-cancel|edit-definition;preview-ddl;review;apply;cancel|form;ddl-preview;authority-actions|transient|docs/architecture/functional-parity-ledger.md|plans/017-scoped-parity-expansion.md|core:crates/tablerock-core/src/lib.rs;tui:crates/tablerock-tui/src/model/structure_ddl.rs;native:n/a|tui:crates/tablerock-tui/tests/shell.rs;native:n/a|docs/evidence/delivery/283-plan-017-structure-ddl-quick-actions.md|missing|native-capability-gated-structure-editing-and-rollback-replay-open
TR-SCR-049|Find and replace|popover|both|sql|editor-command;dismiss|set-pattern;set-replacement;choose-mode;next;previous;replace;replace-all;dismiss|pattern;replacement;mode;actions|editor|docs/product/sql-editor.md|plans/018-tui-hardening-release-gate.md|core:crates/tablerock-core/src/lib.rs;tui:crates/tablerock-tui/src/update.rs;native:n/a|tui:crates/tablerock-tui/tests/shell.rs;native:n/a|docs/evidence/delivery/293-plan-018-find-replace.md|missing|native-find-replace-and-unicode-zero-width-replay-open
TR-SCR-050|Query parameters|sheet|both|sql|run-parameterized-statement;run-or-cancel|inspect-parameters;enter-typed-values;run;cancel|parameter-list;values;authority-actions|editor|docs/product/sql-editor.md|plans/018-tui-hardening-release-gate.md|core:crates/tablerock-core/src/lib.rs;tui:crates/tablerock-tui/src/update.rs;native:n/a|tui:crates/tablerock-tui/tests/shell.rs;native:n/a|docs/evidence/delivery/292-plan-018-named-params-and-script.md|missing|native-typed-parameter-sheet-and-injection-replay-open
TR-SCR-051|PostgreSQL structure|panel|both|postgresql|object-tab;object-tab|inspect-columns;inspect-indexes;inspect-constraints;copy-ddl|sections;ddl|collection|docs/architecture/functional-parity-ledger.md|plans/013-postgresql-writes-and-admin.md|core:crates/tablerock-core/src/lib.rs;tui:crates/tablerock-tui/src/model/structure_ddl.rs;native:native/Sources/TableRockApp/TableRockApp.swift|tui:crates/tablerock-tui/tests/shell.rs;native:native/Tests/TableRockAppUITests/TableRockAppUITests.swift|docs/evidence/delivery/533-native-postgresql-structure-screen.md|partial|full-state-permission-and-visual-replay-open
TR-SCR-052|Table operation authority|dialog|both|sql|object-actions;complete-or-cancel|choose-operation;inspect-target;confirm-specific-action;cancel|operation;target;authority-actions|transient|docs/architecture/functional-parity-ledger.md|plans/013-postgresql-writes-and-admin.md|core:crates/tablerock-core/src/lib.rs;tui:crates/tablerock-tui/src/update.rs;native:n/a|tui:crates/tablerock-tui/tests/shell.rs;native:n/a|docs/evidence/delivery/232-plan-013-table-ops-activity.md|missing|native-rename-truncate-drop-maintenance-authority-open
TR-SCR-053|Import progress and outcome|dialog|both|sql|import-review-apply;close|inspect-progress;cancel;inspect-errors;copy-errors;close|progress;errors;actions|action|docs/product/copy-export.md|plans/016-daily-workflows-and-data-movement.md|core:crates/tablerock-core/src/lib.rs;tui:crates/tablerock-tui/src/effect.rs;native:n/a|tui:crates/tablerock-cli/tests/import_apply_real.rs;native:n/a|docs/evidence/delivery/256-plan-016-import-apply-pg.md|missing|native-large-stream-progress-cancel-error-summary-open
TR-SCR-054|Export progress and outcome|dialog|both|all|export-start;close|inspect-progress;cancel;inspect-outcome;close|progress;outcome;actions|action|docs/product/copy-export.md|plans/016-daily-workflows-and-data-movement.md|core:crates/tablerock-core/src/lib.rs;tui:crates/tablerock-tui/src/effect.rs;native:n/a|tui:crates/tablerock-cli/tests/stream_export_real.rs;native:n/a|docs/evidence/delivery/530-native-atomic-loaded-export.md|missing|native-full-result-constant-memory-progress-cancel-open
TR-SCR-055|SSH configuration|panel|both|all|connection-editor;connection-editor|enable;edit-host;choose-auth;choose-host-key-policy;test|form;auth;host-key;test|editor|docs/product/connections.md|plans/017-scoped-parity-expansion.md|core:crates/tablerock-core/src/lib.rs;tui:crates/tablerock-tui/src/update.rs;native:n/a|tui:crates/tablerock-tui/tests/shell.rs;native:n/a|docs/evidence/delivery/267-plan-017-tui-ssh-section.md|missing|native-ssh-profile-auth-host-key-and-failure-matrix-open
TR-SCR-056|Startup command editor|panel|both|all|connection-editor;connection-editor|add;edit;remove;reorder;review-safety|command-list;editor;actions|editor|docs/product/connections.md|plans/017-scoped-parity-expansion.md|core:crates/tablerock-core/src/lib.rs;tui:crates/tablerock-tui/src/update.rs;native:n/a|tui:crates/tablerock-tui/tests/shell.rs;native:n/a|docs/evidence/delivery/274-plan-017-startup-tui-agent-persist.md|missing|native-startup-command-order-safety-reconnect-replay-open
TR-SCR-057|Vim mode state|panel|both|sql|editor-setting;editor-setting|enable;change-mode;inspect-mode|editor;mode-status|action|docs/product/sql-editor.md|plans/017-scoped-parity-expansion.md|core:crates/tablerock-core/src/lib.rs;tui:crates/tablerock-tui/src/model/query_editor.rs;native:n/a|tui:crates/tablerock-tui/tests/shell.rs;native:n/a|docs/evidence/delivery/247-plan-017-exit.md|missing|native-vim-mode-and-independent-transition-suite-open
TR-SCR-058|PostgreSQL maintenance outcome|panel|both|postgresql|table-operation-authority;close|inspect-progress;cancel-when-supported;inspect-outcome;close|progress;outcome;actions|action|docs/architecture/functional-parity-ledger.md|plans/013-postgresql-writes-and-admin.md|core:crates/tablerock-core/src/lib.rs;tui:crates/tablerock-tui/src/update.rs;native:n/a|tui:crates/tablerock-tui/tests/shell.rs;native:n/a|docs/evidence/delivery/341-plan-013-vacuum-analyze.md|missing|native-vacuum-analyze-outcome-permission-replay-open
